<?xml version="1.0" encoding="utf-8"?>
<scheduler mode="1">
	<tasks>
		<task id="{10000000-0000-0000-0000-000000000000}" name="" enabled="0">
			<event type="0" wttf="0" wakeUp="0"/>
			<recurrenceThroughoutDay enabled="0" mode="0" startTime="0" finishTime="0" value="1"/>
			<recurrence type="0" every="1" dayOfmonth="0" weekDays="0" enabled="0"/>
			<actions/>
		</task>
		<task id="{20000000-0000-0000-0000-000000000000}" name="" enabled="0">
			<event type="0" wttf="0" wakeUp="0"/>
			<recurrenceThroughoutDay enabled="0" mode="0" startTime="0" finishTime="0" value="1"/>
			<recurrence type="0" every="1" dayOfmonth="0" weekDays="0" enabled="0"/>
			<actions/>
		</task>
	</tasks>
</scheduler>
